{"Available Stops": 345, "_timestamp": 1685891580.4598603, "_runtime": 337.6427822113037, "_step": 10}