{"Available Stops": 227, "_timestamp": 1685910764.9030404, "_runtime": 14862.63853931427, "_step": 379}