{"Available Stops": 175, "_timestamp": 1685911162.1468856, "_runtime": 15259.88238453865, "_step": 388}